id,created_at,text
1122909770627682305,2019-04-29 17:05:26,"Sri.Anjani Kumar,IPS,CP,Hyd city attended a meeting with British High Commission,During the meeting the CP met with‚Ä¶ https://t.co/oanc2XicI5"
1122909689937743874,2019-04-29 17:05:07,"RT @gigaom: ""Now that the cloud is becoming less and less of a toy and more and more of an actual working tool, this is what the real enter‚Ä¶"
1122909661009674240,2019-04-29 17:05:00,"‡§™‡•ç‡§∞‡§ß‡§æ‡§®‡§Æ‡§Ç‡§§‡•ç‡§∞‡•Ä ‡§∂‡•ç‡§∞‡•Ä @narendramodi 30 ‡§Ö‡§™‡•ç‡§∞‡•à‡§≤ 2019 ‡§ï‡•ã ‡§¨‡§ø‡§π‡§æ‡§∞ ‡§î‡§∞ ‡§â‡§§‡•ç‡§§‡§∞ ‡§™‡•ç‡§∞‡§¶‡•á‡§∂ ‡§Æ‡•á‡§Ç ‡§µ‡§ø‡§∂‡§æ‡§≤ ‡§ú‡§®‡§∏‡§≠‡§æ‡§ì‡§Ç ‡§ï‡•ã ‡§∏‡§Æ‡•ç‡§¨‡•ã‡§ß‡§ø‡§§ ‡§ï‡§∞‡•á‡§Ç‡§ó‡•á‡§Ç‡•§ 

‡§∏‡•Ä‚Ä¶ https://t.co/3rDFZsi7f9"
1122909322285993984,2019-04-29 17:03:39,"RT @ANI: Hilal Ahmad Mantoo, PhD student from Kashmir studying in Punjab was arrested last week in connection with car bomb blast in Baniha‚Ä¶"
1122909102768701441,2019-04-29 17:02:47,"RT @ZDNet: Cisco rolls out Wi-Fi 6 networking stack, bets the standard will enable as much as 5G https://t.co/sK36rV1lk0"
1122908402290573312,2019-04-29 17:00:00,‡§≠‡§æ‡§ú‡§™‡§æ ‡§∞‡§æ‡§∑‡•ç‡§ü‡•ç‡§∞‡•Ä‡§Ø ‡§Ö‡§ß‡•ç‡§Ø‡§ï‡•ç‡§∑ ‡§∂‡•ç‡§∞‡•Ä @AmitShah ‡§ï‡•Ä 30 ‡§Ö‡§™‡•ç‡§∞‡•à‡§≤ 2019 ‡§ï‡•ã ‡§∞‡§æ‡§ú‡§∏‡•ç‡§•‡§æ‡§® ‡§î‡§∞ ‡§Æ‡§ß‡•ç‡§Ø ‡§™‡•ç‡§∞‡§¶‡•á‡§∂ ‡§Æ‡•á‡§Ç ‡§µ‡§ø‡§∂‡§æ‡§≤ ‡§ú‡§®‡§∏‡§≠‡§æ‡§ì‡§Ç ‡§ï‡•ã ‡§∏‡§Ç‡§¨‡•ã‡§ß‡§ø‡§§ ‡§ï‚Ä¶ https://t.co/WifO9N4gOD
1122908332392615936,2019-04-29 16:59:43,"‚ÄúDamn it‚Äôs really good ‚Äì it‚Äôs better than anyone else's car‚Äù 

@FullyChargedShw road trips from Copenhagen to Oslo‚Ä¶ https://t.co/sBpfMGfVsP"
1122905794402324480,2019-04-29 16:49:38,"All about the ‚Å¶@TwitterIndia‚Å© and @editorji partnership for #TwitterDialogues 
https://t.co/PgnrpJSM6C"
1122905331112087565,2019-04-29 16:47:48,RT @wef: What is digital equality? An interview with Nanjira Sambuli https://t.co/CyNvDNdRHx #technology #equality https://t.co/CyNvDNdRHx‚Ä¶
1122905143756738560,2019-04-29 16:47:03,RT @wrdrmrjt: Kind attention plz: T/N 12477 Jamnagar-Shri Mata Vaishno  Devi Katra  Exp of 30.04.2019  is rescheduled to depart 5 hours &amp; 3‚Ä¶
1122904853817126912,2019-04-29 16:45:54,"Great to roll out the partnership @govindethiraj @boomlive_in @databaaz! Here‚Äôs to data, digital content and authen‚Ä¶ https://t.co/BwFxJuN3J0"
1122904777732399105,2019-04-29 16:45:36,"RT @zerohedge: Google Tracks Your Location And Shares It With Police, Even When Your Phone Is Off https://t.co/D6BoGgk0i0"
1122904295941107713,2019-04-29 16:43:41,#LokSabhaElections2019 | Voter turnout further declines in #Phase4 of polling as 70% of Indians finish voting‚Ä¶ https://t.co/tNAxKeRfjr
1122904190739595264,2019-04-29 16:43:16,We‚Äôre partnering with @Spotify to empower #automotive marketers. Check out how Spotify is using Oracle Data Cloud t‚Ä¶ https://t.co/EhGuVPUOIQ
1122904128223567878,2019-04-29 16:43:01,"RT @NickTimiraos: The fraction of women in the overall workforce is little changed from a decade ago, but the share in certain majority-mal‚Ä¶"
1122902165368868870,2019-04-29 16:35:13,"RT @BT_India: Small B2C entities, restaurants under scanner for GST evasion https://t.co/H0saXgdRsM https://t.co/fCOVde4XFC"
1122901881045508096,2019-04-29 16:34:05,"RT @BloombergTV: A key measure of Tesla's inventory, which includes vehicles available for sale, exceeded $2 billion for the first time htt‚Ä¶"
1122901355448815616,2019-04-29 16:32:00,"‡§Ø‡•Ç‡§®‡•á‡§∏‡•ç‡§ï‡•ã ‡§®‡•á ‡§ï‡•Å‡§Æ‡•ç‡§≠ ‡§ï‡•ã ‡§∏‡§æ‡§Ç‡§∏‡•ç‡§ï‡•É‡§§‡§ø‡§ï ‡§ß‡§∞‡•ã‡§π‡§∞ ‡§ò‡•ã‡§∑‡§ø‡§§ ‡§ï‡§ø‡§Ø‡§æ‡•§

‡§π‡§Æ ‡§ú‡§¨ ‡§Ü‡§è ‡§•‡•á, ‡§§‡§¨ ‡§Æ‡•ã‡§¶‡•Ä ‡§ú‡•Ä ‡§®‡•á ‡§ï‡§π‡§æ ‡§•‡§æ ‡§ï‡§ø ‡§Æ‡§æ‡§Ç ‡§ó‡§Ç‡§ó‡§æ ‡§®‡•á ‡§¨‡•Å‡§≤‡§æ‡§Ø‡§æ ‡§π‡•à‡•§

‡§∏‡§¨‚Ä¶ https://t.co/w2aIJm4t8Y"
1122901151710621697,2019-04-29 16:31:11,"‡§¨‡•Å‡§Ç‡§¶‡•á‡§≤‡§ñ‡§Ç‡§° ‡§ï‡•á ‡§≤‡§ø‡§è ‡§≠‡§æ‡§ú‡§™‡§æ ‡§∏‡§∞‡§ï‡§æ‡§∞ ‡§®‡•á ‡§¨‡§π‡•Å‡§§ ‡§∏‡§æ‡§∞‡•á ‡§ï‡§æ‡§Æ ‡§ï‡§ø‡§è ‡§π‡•à‡§Ç‡•§

10 ‡§π‡§ú‡§æ‡§∞ ‡§ï‡§∞‡•ã‡§°‡§º ‡§∞‡•Å‡§™‡§Ø‡•á ‡§ï‡§æ ‡§°‡§ø‡§´‡•á‡§Ç‡§∏ ‡§ï‡•â‡§∞‡§ø‡§°‡•ã‡§∞ ‡§¨‡•Å‡§Ç‡§¶‡•á‡§≤‡§ñ‡§Ç‡§° ‡§ï‡•ã ‡§¶‡§ø‡§Ø‡§æ‡•§

‡§π‚Ä¶ https://t.co/Wf8FSywwfU"
1122900852081954825,2019-04-29 16:30:00,"‡§Æ‡•à‡§Ç 1980 ‡§∏‡•á ‡§≤‡•á‡§ï‡§∞ ‡§Ü‡§ú ‡§§‡§ï ‡§∏‡§≠‡•Ä ‡§ï‡•Å‡§Æ‡•ç‡§≠ ‡§Æ‡•á‡§Ç ‡§ó‡§Ø‡§æ ‡§π‡•Ç‡§Ç‡•§ 

‡§á‡§∏ ‡§¨‡§æ‡§∞ ‡§π‡•Å‡§è ‡§ï‡•Å‡§Æ‡•ç‡§≠ ‡§Æ‡•á‡§Ç ‡§Ø‡•ã‡§ó‡•Ä ‡§Ü‡§¶‡§ø‡§§‡•ç‡§Ø‡§®‡§æ‡§• ‡§ú‡•Ä ‡§®‡•á ‡§ú‡•ã ‡§µ‡•ç‡§Ø‡§µ‡§∏‡•ç‡§•‡§æ ‡§ï‡•Ä ‡§•‡•Ä, ‡§â‡§∏‡§ï‡•á‚Ä¶ https://t.co/myLpL7ZPSH"
1122900831483727874,2019-04-29 16:29:55,RT @Reuters: Jaguar Land Rover planning to allow helpful car drivers to earn cryptocurrency https://t.co/iDRwnOxSnl https://t.co/6El8wGmhJM
1122900124303126528,2019-04-29 16:27:06,"Here are pictures from the campaigns in Barrackpore and Srerampur. 

When I attend a rally in Bengal, I feel that p‚Ä¶ https://t.co/kLtucZyimj"
1122899650900398080,2019-04-29 16:25:13,RT @azurefriday: Automate operational tasks - check out the preview release of #PowerShell support in @AzureFunctions on this episode of #A‚Ä¶
1122899114901901313,2019-04-29 16:23:06,"Priceless moments from the rally in Barrackpore, which Didi will not like to see. 

Come 23rd May, TMC will be comp‚Ä¶ https://t.co/QSlxKTXhKp"
1122898938233671680,2019-04-29 16:22:23,RT @Telegraph: NHS radiographer Hayley Carruthers stumbles into nation's hearts as one of London marathon elite | @horton_official https://‚Ä¶
1122898740572872704,2019-04-29 16:21:36,"Opinion | The case against Chinese apps eyeing Indian smartphones. Very right, govt should be careful ‚Å¶@PMOIndia‚Å© ‚Å¶‚Ä¶ https://t.co/AqVjqgukoa"
1122898679394779137,2019-04-29 16:21:22,"Didi wishes to send me Rasgullas made of the soil and stones of West Bengal.

Didi,

It would be my honour to have‚Ä¶ https://t.co/ZCuzpNfzX3"
1122898386535845888,2019-04-29 16:20:12,"RT @technology: Spotify has reached 100 million paid subscribers, a first for any music service https://t.co/WYe68oCspI"
1122898378981928960,2019-04-29 16:20:10,"‡§™‡§π‡§≤‡•á ‡§ï‡§æ‡§Ç‡§ó‡•ç‡§∞‡•á‡§∏‡•Ä ‡§®‡§æ‡§Æ‡§™‡§Ç‡§•‡§ø‡§Ø‡•ã‡§Ç ‡§®‡•á ‡§¨‡§Ç‡§ó‡§æ‡§≤ ‡§ï‡•ã ‡§®‡§∑‡•ç‡§ü ‡§ï‡§ø‡§Ø‡§æ‡•§ 

‡§´‡§ø‡§∞ ‡§µ‡§æ‡§Æ‡§™‡§Ç‡§•‡§ø‡§Ø‡•ã‡§Ç ‡§®‡•á ‡§¨‡§Ç‡§ó‡§æ‡§≤ ‡§ï‡•ã ‡§®‡§∑‡•ç‡§ü ‡§ï‡§ø‡§Ø‡§æ‡•§ 

‡§Ö‡§¨ ‡§¶‡§æ‡§Æ ‡§î‡§∞ ‡§¶‡§Æ‡§®‡§™‡§Ç‡§•‡•Ä ‡§ü‡•Ä‡§è‡§Æ‡§∏‡•Ä‚Ä¶ https://t.co/xF3Rs6GT7L"
1122898344513114120,2019-04-29 16:20:02,RT @Independent: Police officer under investigation for doing somersaults on garden trampoline during drugs probe https://t.co/bDxxkEBOCl
1122898291706880000,2019-04-29 16:19:49,"‡§¨‡§Ç‡§ó‡§æ‡§≤ ‡§è‡§ï ‡§∏‡•ç‡§µ‡§∞ ‡§Æ‡•á‡§Ç ‡§ï‡§π ‡§∞‡§π‡§æ ‡§π‡•à‚Äì ‡§ö‡•Å‡§™‡•á ‡§ö‡§æ‡§™, ‡§ï‡§Æ‡§≤ ‡§õ‡§æ‡§™

‡§¨‡•Ç‡§•-‡§¨‡•Ç‡§• ‡§∏‡•á, ‡§ü‡•Ä‡§è‡§Æ‡§∏‡•Ä ‡§∏‡§æ‡§´‡•§ https://t.co/ZkLTCdPgUH"
1122898224140808194,2019-04-29 16:19:33,"‡§¨‡§ø‡§®‡§æ ‡§ó‡§æ‡§≤‡•Ä, ‡§Æ‡§π‡§æ‡§Æ‡§ø‡§≤‡§æ‡§µ‡§ü‡§ø‡§Ø‡•ã‡§Ç ‡§ï‡§æ ‡§™‡•ç‡§∞‡§ö‡§æ‡§∞ ‡§ñ‡§æ‡§≤‡•Ä‡•§ https://t.co/LZas79HnJY"
1122897832527241221,2019-04-29 16:18:00,Dawid Malan and Ben Duckett have been added to England's squads for their one-off ODI against Ireland and T20I agai‚Ä¶ https://t.co/Ntd7wGBwIh
1122897078215114752,2019-04-29 16:15:00,"The term ‚Äú#ArtificialIntelligence‚Äù was first coined in 1956, at a conference held at Dartmouth College. #AI https://t.co/W9T6IQTidw"
1122895493544022016,2019-04-29 16:08:42,‡§Ü‡§ú ‡§™‡§ü‡§®‡§æ ‡§ï‡•á ‡§™‡§∞‡§æ‡§∏‡§∞ ‡§Ö‡§™‡§æ‡§∞‡•ç‡§ü‡§Æ‡•á‡§Ç‡§ü ‡§Æ‡•á‡§Ç ‡§ú‡§® ‡§∏‡§Ç‡§™‡§∞‡•ç‡§ï ‡§ï‡§∞ ‡§´‡§ø‡§∞ ‡§è‡§ï ‡§¨‡§æ‡§∞ ‡§®‡§∞‡•á‡§Ç‡§¶‡•ç‡§∞ ‡§Æ‡•ã‡§¶‡•Ä ‡§ú‡•Ä ‡§ï‡•á ‡§®‡•á‡§§‡•É‡§§‡•ç‡§µ ‡§Æ‡•á‡§Ç ‡§è‡§®‡§°‡•Ä‡§è ‡§ï‡•Ä ‡§∏‡§∞‡§ï‡§æ‡§∞ ‡§¨‡§®‡§æ‡§®‡•á ‡§ï‡•Ä ‡§Ö‡§™‡•Ä‡§≤‚Ä¶ https://t.co/1QGglOKoGL
1122895469003194368,2019-04-29 16:08:36,"220,107 tweets, 164,620 RTs, 69371 unique users, 50,334 original tweets, 5,153 quotes, 87 hashtags, #Phase4 analysi‚Ä¶ https://t.co/iVHc8voiEy"
1122894789467308034,2019-04-29 16:05:54,"Oh, This looks like a very helpful bit of CSS info to have! https://t.co/d5OWUBtWoL"
1122894099718258693,2019-04-29 16:03:10,Congratulations! https://t.co/7yCtKnMQVS
1122893556668964870,2019-04-29 16:01:00,"RT @ECISVEEP: ‚ö°Ô∏è ‚ÄúPhase-4 Got-Inked: Lok Sabha Election 2019‚Äù by @ECISVEEP
#DeshKaMahaTyohar #IndiaElections2019 #GotInked https://t.co/1uO‚Ä¶"
1122892645997531141,2019-04-29 15:57:23,RT @TheStalwart: A Chinese Firm's Plunge Cost Interactive Brokers Millions https://t.co/wvXr4jsslM
1122892270036901889,2019-04-29 15:55:54,RT @TarekFatah: Canadian Sikh soldiers march in Toronto‚Äôs Khalsa Day Parade. What next? Jewish soldiers to mark Yom Kippur or Hindu soldier‚Ä¶
1122891868423856128,2019-04-29 15:54:18,RT @Reuters: China's rocket start-ups go small in age of 'shoebox' satellites https://t.co/H08ZcCLuHD via @ReutersTV More on the Race to Sp‚Ä¶
1122891253643825153,2019-04-29 15:51:51,RT @JohnLothian: CFTC Proposes to Amend Derivatives Clearing Organization Regulations | U.S. COMMODITY FUTURES TRADING COMMISSION https://t‚Ä¶
1122891148270325762,2019-04-29 15:51:26,"Amidst the overall game, I hugely enjoyed the Ashwin vs Warner contest"
1122890691846131712,2019-04-29 15:49:37,"RT @murad_ismael: In a historic move, the Yazidi Supreme Spiritual Council issues a statement to welcome all survivors, including  women an‚Ä¶"
1122890558052159488,2019-04-29 15:49:05,From ‚Äòpoor‚Äô to ‚Äòchowkidar‚Äô: How @narendramodi speeches changed from 2014 to 2019. @IndiaToday Data Intelligence Uni‚Ä¶ https://t.co/M5YzkveMft
1122890524346605568,2019-04-29 15:48:57,"RT @Gizmodo: Hungry hackers use McDonald's app to steal $1,500 in fast food
https://t.co/Rh9iM4deJk https://t.co/RaXalal5lC"
1122890502259429376,2019-04-29 15:48:52,RT @TheEconomist: The genomics revolution for good and ill https://t.co/EHtKxJ0v6s
1122889621979799553,2019-04-29 15:45:22,"RT @Davidlaz: How bad could airline seats get? Imagine a bicycle seat with a lightly padded, upright piece of plastic to lean against https‚Ä¶"
1122889403582402566,2019-04-29 15:44:30,RT @NITIAayog: A paper titled ‚ÄúIndia Leaps Ahead: Transformative Mobility Solutions for all‚Äù put out by #NITIAayog lays out a roadmap to 20‚Ä¶
1122888872508055553,2019-04-29 15:42:24,RT @RamCNN: Harness-wearing whale spotted off Norway coast was 'trained by Russian military' https://t.co/9XqBWYWDux
1122888251495215105,2019-04-29 15:39:56,"RT @RajivKumar1: ""A make in India success story: Big surge in exports of electronics items, imports also at record high""
#Economy #Imports‚Ä¶"
1122888001107849216,2019-04-29 15:38:56,RT @Reuters: German scientists create transparent human organs using a new technology that could pave the way for 3D-printed organs https:/‚Ä¶
1122887675709509634,2019-04-29 15:37:38,"RT @sathiyantt: HISTORIC FEAT üî• 
WORLD RANK 24üòç
Extremely happy to share that I have achieved my Career high WORLD RANK 24 &amp; became the fir‚Ä¶"
1122887471799394304,2019-04-29 15:36:50,"RT @IUSICE: Congratulations to Jeremy Siek and Cassidy Sugimoto on being promoted to professor and Chung-Chieh Shan, Sam Tobin-Hochstadt, a‚Ä¶"
1122886674579505154,2019-04-29 15:33:40,RT @RajsamandPolice: Rajasthan Police extended helping hand to needy and elderly people at polling booths in Rajsamand District during Loks‚Ä¶
1122886363068502016,2019-04-29 15:32:25,"RT @rajbhagatt: #CycloneFani as seen by Himawari satellite today! 

It had raised the hopes of Chennaiites so much.. Now we should focus on‚Ä¶"
1122886349399515138,2019-04-29 15:32:22,"RT @WasmWeekly: rusty-typescript - a TypeScript compiler (i.e. compiles TS to JS) written in Rust and compiled to WebAssembly, giving bette‚Ä¶"
1122886252158545922,2019-04-29 15:31:59,RT @AmrullahSaleh2: At the Loya Jirga I sat next to the empty chair of my martyred colleague &amp; friend Shirzad Safi a young leader from east‚Ä¶
1122886033136160768,2019-04-29 15:31:07,"RT @ZenProverbs: We are fascinated by the words, but where we meet is in the silence behind them.
     ‚Äî Ram Dass
|
|
‚ñ°‚àß‚óØ"
1122885810804670465,2019-04-29 15:30:14,"RT @PyLadiesDub: Interested in learning about MicroPython? We are organising a 2-part workshop for beginners, and it's free. First workshop‚Ä¶"
1122885775731908608,2019-04-29 15:30:05,"How does the stock market work, and how do people make money on it?  https://t.co/xlbfVjOibZ"
1122885753787305984,2019-04-29 15:30:00,"This week's #OnTheUp features birthday bashes, a glimpse into @AaronFinch5's wardrobe and the circle of life!

https://t.co/S1LqDsMc0Y"
1122885753279791104,2019-04-29 15:30:00,"#GameOfThrones | 12 details you may have missed in '#GameofThrones' season 8 episode 3 

https://t.co/nCUH5gHtyo"
1122885753028141057,2019-04-29 15:30:00,#Walmart has unveiled a concept store that uses #cameras to automatically track stock: https://t.co/cke80Fl5Jf via @techreview. #SmartTech
1122884449044090880,2019-04-29 15:24:49,‡§Æ‡§ß‡•ç‡§Ø ‡§™‡•ç‡§∞‡§¶‡•á‡§∂ ‡§ï‡•á ‡§§‡•Ä‡§® ‡§≤‡•ã‡§ï‡§∏‡§≠‡§æ ‡§ï‡•ç‡§∑‡•á‡§§‡•ç‡§∞‡•ã‡§Ç (‡§∏‡§æ‡§ó‡§∞‡•§ ‡§¶‡§Æ‡•ã‡§π ‡§è‡§µ‡§Ç ‡§≠‡§ø‡§Ç‡§°) ‡§Æ‡•á‡§Ç ‡§ú‡§®‡§∏‡§≠‡§æ‡§ì‡§Ç ‡§ï‡•á ‡§¶‡•å‡§∞‡§æ‡§® ‡§™‡•ç‡§∞‡§ß‡§æ‡§®‡§Æ‡§Ç‡§§‡•ç‡§∞‡•Ä ‡§∂‡•ç‡§∞‡•Ä ‡§®‡§∞‡•á‡§Ç‡§¶‡•ç‡§∞ ‡§Æ‡•ã‡§¶‡•Ä ‡§ï‡•á ‡§∏‡§æ‚Ä¶ https://t.co/K54FCuXnd1
1122883887120691201,2019-04-29 15:22:35,"‡§è‡§ï ‡§§‡§∞‡§´ ‡§Æ‡•ã‡§¶‡•Ä ‡§ú‡•Ä ‡§π‡•à‡§Ç ‡§ú‡§ø‡§®‡•ç‡§π‡•ã‡§Ç‡§®‡•á 20 ‡§∏‡§æ‡§≤ ‡§∏‡•á ‡§è‡§ï ‡§≠‡•Ä ‡§õ‡•Å‡§ü‡•ç‡§ü‡•Ä ‡§®‡§π‡•Ä‡§Ç ‡§≤‡•Ä ‡§π‡•à‡•§ 

‡§¶‡•Ç‡§∏‡§∞‡•Ä ‡§§‡§∞‡§´ ‡§ó‡§†‡§¨‡§Ç‡§ß‡§® ‡§î‡§∞ ‡§Æ‡§π‡§æ‡§Æ‡§ø‡§≤‡§æ‡§µ‡§ü ‡§ï‡•á ‡§®‡•á‡§§‡§æ ‡§∞‡§æ‡§π‡•Å‡§≤ ‡§ó‡§æ‡§Ç‡§ß‡•Ä‚Ä¶ https://t.co/zuUNEnsMje"
1122883847731867650,2019-04-29 15:22:26,RT @kalyanchaubey: TMC goons attacked our dedicated worker Shri Pramod Biswakarma. He ran our campaign on TOTOs &amp; Auto Rickshaw. Shame on M‚Ä¶
1122882842772430849,2019-04-29 15:18:26,"Mamata Didi, eisob cholbena! #IndiaVotesForNaMo https://t.co/OC6XCqbO3u"
1122878674221449217,2019-04-29 15:01:52,"Well, it was a gamble to send Saha upfront but it has paid off spectacularly. So early in the game and already‚Ä¶ https://t.co/u2herxFmGC"
1122878456948240385,2019-04-29 15:01:00,Have you considered cloud storage with AWS as your trusted repository for long-term asset preservation?‚Ä¶ https://t.co/q4z643QyYt
1122878354535976961,2019-04-29 15:00:36,UN #HRCttee experts find #Uzbekistan violated #ICCPR by raiding an apartment and confiscating religious publication‚Ä¶ https://t.co/Uxh90QrKW9
1122877083963801602,2019-04-29 14:55:33,RT @fermatslibrary: 90625 is the only 5-digit automorphic number not beginning with a 0 - its square ends in the same digits https://t.co/d‚Ä¶
1122876701648805888,2019-04-29 14:54:02,"This picture shows the assembly of the GEM detectors in a clean room at CERN. For @CMSExperiment, The Long Shutdown‚Ä¶ https://t.co/xD2QEPLhih"
1122875743749464064,2019-04-29 14:50:13,"RT @travisgoodspeed: The LCD is great, but how can I tell the time in the dark?  My watch's firmware now beeps the time in Morse code while‚Ä¶"
1122875578552471552,2019-04-29 14:49:34,RT @Abhigyan_AP: Thanks soooooooooo soooooooooo much all you each one of you seeing your adorable reactions...which truly humbles me...üôèüôèüôèüôè‚Ä¶
1122875323375390720,2019-04-29 14:48:33,Which one of Bangladesh's @cricketworldcup kits is your favourite? https://t.co/RMDiUD9luf
1122875006164226048,2019-04-29 14:47:18,RT @FinancialTimes: Marvel‚Äôs Avengers: Endgame has grossed $1.2bn in its opening weekend worldwide. It grossed nearly double that of the pr‚Ä¶
1122874881182330881,2019-04-29 14:46:48,RT @cnni: Burger King plans to roll out its Impossible Whopper ‚Äî a vegetarian version of its signature burger ‚Äî across the United States ht‚Ä¶
1122874777926901760,2019-04-29 14:46:23,RT @Infra_VinayakCh: üåç India's increasing geo-political clout has also been matched by growing overseas developmental funding. MEA data ( p‚Ä¶
1122874727893098502,2019-04-29 14:46:11,"RT @techreview: By 2070, the dead could outnumber the living‚Ä¶ on Facebook. #NotToday?  https://t.co/70l9eUJRte"
1122874472833282049,2019-04-29 14:45:10,"These are the most popular e-learning subjects for millenials 

https://t.co/tEx2Z6KgV0 - @PrernaSindwani‚Ä¶ https://t.co/vVq8dkKiuw"
1122874100228055042,2019-04-29 14:43:42,RT @Aashish_HR: @Deishma @Finception__ @ashishchauhan Same here in Ahmedabad by Potato vendors in Ahmedabad daily morning...
1122873222461054976,2019-04-29 14:40:12,‡§π‡§Æ‡§æ‡§∞‡•á ‡§Æ‡•á‡§π‡§®‡§§‡•Ä ‡§ï‡§æ‡§∞‡•ç‡§Ø‡§ï‡§∞‡•ç‡§§‡§æ‡§ì‡§Ç ‡§ï‡•á ‡§∏‡§æ‡§• ‡§õ‡•ã‡§ü‡•á ‡§∏‡§Æ‡•Ç‡§π ‡§ï‡•Ä ‡§¨‡•à‡§†‡§ï‡•á‡§Ç ‡§™‡•ç‡§∞‡•á‡§∞‡§£‡§æ‡§¶‡§æ‡§Ø‡§ï ‡§π‡•à‡§Ç‡•§ ‡§Æ‡•Å‡§ù‡•á ‡§¨‡§π‡•Å‡§§ ‡§ñ‡§º‡•Å‡§∂‡•Ä ‡§π‡•à‡§Ç #‡§ú‡§Ø‡§™‡•Å‡§∞ ‡§ï‡•á ‡§π‡§µ‡§æ ‡§Æ‡§π‡§≤ ‡§µ‡§ø‡§ß‡§æ‡§®‡§∏‚Ä¶ https://t.co/02ngWGNTRY
1122871357799157762,2019-04-29 14:32:48,"RT @WolfieChristl: In other words, our social relationships, access to information, journalism, and public debate are mediated by an opaque‚Ä¶"
1122871251431821314,2019-04-29 14:32:22,"#TechHistory: On this day in 1953, the first #US experimental #3D-TV broadcast showed an episode of Space Patrol on‚Ä¶ https://t.co/55KEQFBKJH"
1122871057457786881,2019-04-29 14:31:36,"My week on Twitter üéâ: 193 Mentions, 722K Mention Reach, 1.74K Likes, 321 Retweets, 188 New Followers. See yours wit‚Ä¶ https://t.co/sPxZFFawn4"
1122871015623856139,2019-04-29 14:31:26,"LIVE: Hear about ""What's On Board"" @SpaceX's #Dragon spacecraft launching Wednesday. Packed with supplies + critica‚Ä¶ https://t.co/stIG8UtjSe"
1122870766779768832,2019-04-29 14:30:27,"‡§Æ‡§π‡§æ‡§® ‡§µ‡•à‡§¶‡§ø‡§ï ‡§∏‡§Ç‡§∏‡•ç‡§ï‡•É‡§§‡§ø ‡§ï‡•á ‡§µ‡§ø‡§∞‡•Å‡§¶‡•ç‡§ß ‡§¶‡•Å‡§∑‡•ç‡§™‡•ç‡§∞‡§ö‡§æ‡§∞, ‡§∑‡§°‡•ç‡§Ø‡§Ç‡§§‡•ç‡§∞ ‡§ï‡§∞‡§ï‡•á ‡§®‡•Ä‡§ö‡§æ ‡§¶‡§ø‡§ñ‡§æ‡§ï‡§∞ ‡§ß‡§∞‡•ç‡§Æ‡§æ‡§Ç‡§§‡§∞‡§£ ‡§ï‡§∞‡§ï‡•á ‡§¶‡•á‡§∂ ‡§ï‡•ã ‡§§‡•ã‡§°‡§º‡§®‡•á ‡§µ‡§æ‡§≤‡•ã‡§Ç ‡§∏‡•á ‡§¨‡§ö‡§®‡•á ‡§ï‡•á‚Ä¶ https://t.co/oi1AX5H1bp"
1122869642626600961,2019-04-29 14:25:59,"RT @VPSecretariat: As a House of Elders, we are usually expected to show the way to others. There is an onerous and pious responsibility ca‚Ä¶"
1122869587744153607,2019-04-29 14:25:46,RT @VPSecretariat: I am very happy that employees of the Secretariat are also putting up a cultural programme. I take this opportunity to c‚Ä¶
1122869462175141888,2019-04-29 14:25:16,"RT @VPSecretariat: As the Chairman of Rajya Sabha, I have been making sincere efforts to ensure smooth conduct of the business of the House‚Ä¶"
1122869374908375047,2019-04-29 14:24:55,"RT @VPSecretariat: ‡§á‡§® ‡§µ‡§∞‡•ç‡§∑‡•ã‡§Ç ‡§Æ‡•á‡§Ç ‡§∞‡§æ‡§ú‡•ç‡§Ø ‡§∏‡§≠‡§æ ‡§π‡§Æ‡§æ‡§∞‡•Ä ‡§∏‡§Ç‡§∏‡§¶ ‡§ï‡§æ ‡§ú‡•Ä‡§µ‡§Ç‡§§, ‡§∏‡§ú‡§ó ‡§™‡•ç‡§∞‡§π‡§∞‡•Ä ‡§∏‡§¶‡§® ‡§¨‡§® ‡§ï‡§∞ ‡§â‡§≠‡§∞‡•Ä ‡§π‡•à‡•§ ‡§∞‡§æ‡§∑‡•ç‡§ü‡•ç‡§∞ ‡§®‡§ø‡§∞‡•ç‡§Æ‡§æ‡§£ ‡§Æ‡•á‡§Ç ‡§á‡§∏‡§ï‡•Ä ‡§≠‡•Ç‡§Æ‡§ø‡§ï‡§æ ‡§Ö‡§≠‡§ø‡§®‡§Ç‡§¶‡§®‡•Ä‡§Ø ‡§∞‡§π‡•Ä‚Ä¶"
1122869321309384704,2019-04-29 14:24:42,"RT @VPSecretariat: I am very happy to join you all at this function, which has been organised to celebrate the Rajya Sabha Day. I offer my‚Ä¶"
1122869252736684032,2019-04-29 14:24:26,"RT @VPSecretariat: Move away from textbook knowledge, rigid ideas, &amp; examination marks; focus on well informed, open debates: VP tells univ‚Ä¶"
1122868971575754752,2019-04-29 14:23:19,RT @VPSecretariat: I am delighted to be here today among so many bright and talented youngsters for the Annual Prize Distribution Ceremony‚Ä¶
1122868943364825089,2019-04-29 14:23:12,"RT @AartiTikoo: I went to Pharsama, the native village of Vijay Soreng, one of the 44 CRPF jawans who was killed in the Pulwama terror atta‚Ä¶"
1122868823550382080,2019-04-29 14:22:44,"The prot√©g√© @itsEhanBhat üí™üëå
#99Songs

@YM_Movies @offjiostudios @JioCinema @idealentinc https://t.co/r586f1nupM"
1122868691887108096,2019-04-29 14:22:12,Rajya Sabha Chairman @MVenkaiahNaidu praises RSTV for 2.5 million subscribers on YouTube. @VPSecretariat‚Ä¶ https://t.co/ursAUGOJzz
1122868422159634434,2019-04-29 14:21:08,RT @NBCNewAmsterdam: Looks like we have a case of teenage hormones. ü§î #NewAmsterdam https://t.co/xZaz75nXpt
1122868035193204736,2019-04-29 14:19:36,While in service there was a lot of music to be faced. I tried to compose some of my own. It worked. https://t.co/k3YXAlCPBE
1122867273625108480,2019-04-29 14:16:34,"Rajya Sabha Chairman @MVenkaiahNaidu's Address | Rajya Sabha Day Celebrations. #VPSecretariat
https://t.co/ilCj9Z9ah8 via @YouTube"
1122865658562146304,2019-04-29 14:10:09,‡§ö‡•å‡§•‡•á ‡§ö‡§∞‡§£ ‡§ï‡•á ‡§Æ‡§§‡§¶‡§æ‡§® ‡§ï‡•á ‡§¨‡§æ‡§¶... #IndiaVotesForNaMo https://t.co/NpnXmCIESB
1122865424281100288,2019-04-29 14:09:13,Top Headlines (Hindi - 7 pm) https://t.co/vTNLQRJbdz via @YouTube
1122865261277777920,2019-04-29 14:08:34,"In Depth: Cyclone #Fani.  
https://t.co/O42azazAqK via @YouTube
#CycloneFani"
1122864350086123520,2019-04-29 14:04:57,"7am ‚Äì 7pm. Distribution of the devices that users used to post:
 Twitter for Android: 149570
 Twitter for iPhone: 2‚Ä¶ https://t.co/HELY8ulTC8"
1122864320050679813,2019-04-29 14:04:50,"As simultaneous polls end in Odisha, political analyst @sdeepmahapatra analyses the heavy anti-incumbency against B‚Ä¶ https://t.co/qiUiUVbmO0"
1122864037656530944,2019-04-29 14:03:43,7am ‚Äì 7pm. 117 geo-tagged tweets. Click the image to see the locations from where the posts have come. Interactive‚Ä¶ https://t.co/ofGMmteTcg
1122863874812911616,2019-04-29 14:03:04,RT @laddugopal123: @thewire_in @sonaliranade For genuine answer seekers full range of questions raised in India Today Group interview of PM‚Ä¶
1122863358644977664,2019-04-29 14:01:01,Coming up at 10:30am ET: @SpaceX's #Dragon spacecraft launching Wednesday will deliver supplies + critical material‚Ä¶ https://t.co/dJF0bftR3s
1122862653326577667,2019-04-29 13:58:12,"#Madras #TamilNadu

The #court observation came while setting free a youth who spent five years in jail for 'sexual‚Ä¶ https://t.co/jSacglcxb3"
1122862282323533824,2019-04-29 13:56:44,üëçüèΩüëçüèΩüëçüèΩ https://t.co/fWfUPBvBWz
1122861862234861568,2019-04-29 13:55:04,Which moment should advance to the next stage of @bira91's @cricketworldcup Greatest Moments?
1122861770580856832,2019-04-29 13:54:42,"What's the goal of development? 
 
To improve well-being of all people. It empowers every member of society to free‚Ä¶ https://t.co/QXuEbgT1M4"
1122861731930185728,2019-04-29 13:54:33,RT @BWJones: A little movement and jiggling around in your brain and retina is good for you in helping with the circulation of fluids impor‚Ä¶
1122860524952223747,2019-04-29 13:49:45,The other candidate in today's @bira91 @cricketworldcup Greatest Moments vote is MS Dhoni's iconic six to win the t‚Ä¶ https://t.co/PyCPi5tXTi
1122859831969423360,2019-04-29 13:47:00,"Other search engines track your searches even when you‚Äôre in private browsing mode. We don‚Äôt track you ‚Äî period.

P‚Ä¶ https://t.co/dnxe2IV0Cv"
1122859251209310208,2019-04-29 13:44:41,"‡§π‡§ú‡§º‡§æ‡§∞‡•Ä‡§¨‡§æ‡§ó ‡§ï‡•á ‡§Ö‡§™‡§®‡•á ‡§Ø‡•Å‡§µ‡§æ ‡§∏‡§æ‡§•‡§ø‡§Ø‡•ã‡§Ç ‡§ï‡•á ‡§∏‡§æ‡§• ‡§∏‡§Ç‡§µ‡§æ‡§¶ ‡§ï‡§ø‡§Ø‡§æ‡•§

‡§π‡§Æ ‡§Ö‡§™‡§®‡•Ä ‡§á‡§∏ ‡§®‡§à ‡§™‡•Ä‡§¢‡§º‡•Ä ‡§ï‡•ã ‡§è‡§ï ‡§â‡§ú‡•ç‡§ú‡•ç‡§µ‡§≤ ‡§≠‡§µ‡§ø‡§∑‡•ç‡§Ø ‡§¶‡•á‡§®‡•á ‡§ï‡•á ‡§≤‡§ø‡§Ø‡•á ‡§π‡§∞ ‡§Æ‡•ã‡§∞‡•ç‡§ö‡•á‚Ä¶ https://t.co/CgNiuyX3PV"
1122858936858578947,2019-04-29 13:43:26,"0700 - 1830hrs. Handles which had the most number of replies with count. 

@narendramodi: 459
@BJP4India: 245‚Ä¶ https://t.co/e3Wczt40rx"
1122858697678393344,2019-04-29 13:42:29,"As polling ends in #Maharashtra, senior journalist and political commentator @Abhikhandekar1 analyses the big elect‚Ä¶ https://t.co/yKpDew1oyU"
1122858669752950785,2019-04-29 13:42:23,"‡§ú‡§¨ @umasribharti‡§î‡§∞ ‡§∏‡§æ‡§ß‡•ç‡§µ‡•Ä ‡§™‡•ç‡§∞‡§ú‡•ç‡§û‡§æ ‡§Æ‡§ø‡§≤‡•Ä‡§Ç ‡§§‡•ã ‡§ï‡•ç‡§Ø‡•ã‡§Ç ‡§¨‡§π‡§®‡•á ‡§≤‡§ó‡•á ‡§Ü‡§Ç‡§∏‡•Ç?

‡§ï‡§π‡§æ‡§Ç ‡§Ö‡§™‡§®‡§æ ‡§™‡•à‡§∏‡§æ ‡§≤‡§ó‡§æ‡§§‡•á ‡§π‡•à‡§Ç @RahulGandhi‚Ä¶ https://t.co/8vZmuKVZOc"
1122858241426436101,2019-04-29 13:40:41,Please assign exact roles üòÑ https://t.co/NoWY9XObuQ
